{"SURVIVAL":{"inventoryContents":{"36":{"==":"org.bukkit.inventory.ItemStack","type":"DIAMOND_BOOTS"},"15":{"==":"org.bukkit.inventory.ItemStack","type":"STONE_PICKAXE","damage":9},"37":{"==":"org.bukkit.inventory.ItemStack","type":"DIAMOND_LEGGINGS"},"38":{"==":"org.bukkit.inventory.ItemStack","type":"DIAMOND_CHESTPLATE"},"39":{"==":"org.bukkit.inventory.ItemStack","type":"DIAMOND_HELMET"},"0":{"==":"org.bukkit.inventory.ItemStack","type":"COOKED_MUTTON","amount":46},"1":{"==":"org.bukkit.inventory.ItemStack","type":"CHOCOCRAFT_CHOCOBO_FEATHER","amount":2},"2":{"==":"org.bukkit.inventory.ItemStack","type":"DIAMOND_PICKAXE","damage":429},"3":{"==":"org.bukkit.inventory.ItemStack","type":"IRON_AXE","damage":4},"5":{"==":"org.bukkit.inventory.ItemStack","type":"THERMALEXPANSION_SATCHEL","meta":{"==":"ItemMeta","meta-type":"UNSPECIFIC","enchants":{"HOLDING":2},"internal":"H4sIAAAAAAAAAI3SPU\/DMBAGYKeoBTIgUYkKViRWVL6lTCBYmPkB1iV2U6v2XRSbiv573DjBQUQRiyc\/d6\/PlzKWsuN33Ep0VO9SNv3Q5G6P2EQJdm4UyqKGlcuaU2HJHeRaJmz6Sp\/okgmbvYGBUrJ9ncbeBXsRrVBgCAWvVLGBr1F8H\/BJrzGB7sTVgHgI4qwvch\/ROsKfVs8DcBngpVvL2oBe+XsCnCLMHJG+bsNy\/+ixwDehyiJXZKSlSvs57rJKA24sX3ZyHuWhl7Nmxm3yRUxekhYSOVRVHPHB76aBPv6L9vImXd5WzqNUNXk3\/i1Pf\/ah+1O7pq3UA\/aU7Zu+FIW0VjUr8w18ij0jawIAAA=="}},"7":{"==":"org.bukkit.inventory.ItemStack","type":"STONE","damage":5,"amount":28},"8":{"==":"org.bukkit.inventory.ItemStack","type":"THERMALFOUNDATION_TOOLSWORD_TIN","damage":1}},"offHandItem":{"==":"org.bukkit.inventory.ItemStack","type":"AIR","damage":-1,"amount":0},"armorContents":{"0":{"==":"org.bukkit.inventory.ItemStack","type":"DIAMOND_BOOTS"},"1":{"==":"org.bukkit.inventory.ItemStack","type":"DIAMOND_LEGGINGS"},"2":{"==":"org.bukkit.inventory.ItemStack","type":"DIAMOND_CHESTPLATE"},"3":{"==":"org.bukkit.inventory.ItemStack","type":"DIAMOND_HELMET"}},"enderChestContents":{},"potions":[],"stats":{"ex":"3.3606677","ma":"300","fl":"20","el":"19","hp":"20.0","xp":"0.85964906","txp":"542","ft":"-20","sa":"6.0","fd":"0.0","ra":"300"}}}