{"SURVIVAL":{"enderChestContents":{},"offHandItem":{"==":"org.bukkit.inventory.ItemStack","type":"AIR","damage":-1,"amount":0},"inventoryContents":{"0":{"==":"org.bukkit.inventory.ItemStack","type":"CHOCOCRAFT_GYSAHL_GREEN"},"1":{"==":"org.bukkit.inventory.ItemStack","type":"CHOCOCRAFT_GYSAHL_GREEN_SEEDS","amount":3},"2":{"==":"org.bukkit.inventory.ItemStack","type":"BIOMESOPLENTY_SAPLING_2","damage":6},"3":{"==":"org.bukkit.inventory.ItemStack","type":"WOOD_AXE"},"4":{"==":"org.bukkit.inventory.ItemStack","type":"WOOD_PICKAXE"},"5":{"==":"org.bukkit.inventory.ItemStack","type":"BIOMESOPLENTY_PLANKS_0","damage":14,"amount":8},"9":{"==":"org.bukkit.inventory.ItemStack","type":"SEEDS"}},"armorContents":{},"potions":[],"stats":{"ex":"0.98100317","ma":"300","fl":"20","el":"0","hp":"20.0","xp":"0.0","txp":"0","fd":"0.0","ft":"-20","sa":"3.0","ra":"300"}}}