{"SURVIVAL":{"inventoryContents":{"10":{"==":"org.bukkit.inventory.ItemStack","type":"GOLDEN_APPLE","amount":2},"11":{"==":"org.bukkit.inventory.ItemStack","type":"SAND"},"12":{"==":"org.bukkit.inventory.ItemStack","type":"BREAD","amount":28},"34":{"==":"org.bukkit.inventory.ItemStack","type":"INK_SACK","damage":2,"amount":10},"13":{"==":"org.bukkit.inventory.ItemStack","type":"INK_SACK","damage":4,"amount":9},"35":{"==":"org.bukkit.inventory.ItemStack","type":"FURNACE"},"14":{"==":"org.bukkit.inventory.ItemStack","type":"APPLE","amount":2},"15":{"==":"org.bukkit.inventory.ItemStack","type":"CHOCOCRAFT_CHOCOBO_FEATHER"},"37":{"==":"org.bukkit.inventory.ItemStack","type":"LEATHER_LEGGINGS","damage":4,"meta":{"==":"ItemMeta","meta-type":"LEATHER_ARMOR","display-name":"Surplus Pantaloons of Defense","enchants":{"PROTECTION_ENVIRONMENTAL":2,"DURABILITY":1},"color":{"==":"Color","RED":11,"BLUE":124,"GREEN":72}}},"16":{"==":"org.bukkit.inventory.ItemStack","type":"THERMALFOUNDATION_ORE"},"17":{"==":"org.bukkit.inventory.ItemStack","type":"WOOL","amount":35},"18":{"==":"org.bukkit.inventory.ItemStack","type":"STICK","amount":4},"0":{"==":"org.bukkit.inventory.ItemStack","type":"STONE_PICKAXE","damage":131},"1":{"==":"org.bukkit.inventory.ItemStack","type":"COOKED_MUTTON","amount":60},"2":{"==":"org.bukkit.inventory.ItemStack","type":"IRON_PICKAXE","damage":118},"3":{"==":"org.bukkit.inventory.ItemStack","type":"COBBLESTONE","amount":11},"4":{"==":"org.bukkit.inventory.ItemStack","type":"STONE_SWORD","damage":17},"5":{"==":"org.bukkit.inventory.ItemStack","type":"BIOMESOPLENTY_EBONY_FENCE","amount":2},"6":{"==":"org.bukkit.inventory.ItemStack","type":"STONE_PICKAXE","damage":9},"7":{"==":"org.bukkit.inventory.ItemStack","type":"THERMALEXPANSION_SATCHEL","meta":{"==":"ItemMeta","meta-type":"UNSPECIFIC","enchants":{"HOLDING":2},"internal":"H4sIAAAAAAAAAHWNOw7CMAxAnUpF0AMwIw6AEGzdECzMHKAyiVsiUjtKze\/2UCo2Oj+99wqAAmZHvhOrpFcB+SmIbqaQeQcLvVBqMdRyY4fqhUsVCavuIclV6tlAvv8wNRlMDthiQ9D3vo3t0Ji3nskmrLVsJDjiCmMM9Mc0P3M9mMuRe\/T2ik8a\/fehnbXUdf7cj97DivGb4wAAAA=="}},"8":{"==":"org.bukkit.inventory.ItemStack","type":"THERMALFOUNDATION_TOOLAXE_TIN","damage":13},"9":{"==":"org.bukkit.inventory.ItemStack","type":"BIOMESOPLENTY_PLANKS_0","damage":14,"amount":36}},"offHandItem":{"==":"org.bukkit.inventory.ItemStack","type":"AIR","damage":-1,"amount":0},"armorContents":{"1":{"==":"org.bukkit.inventory.ItemStack","type":"LEATHER_LEGGINGS","damage":4,"meta":{"==":"ItemMeta","meta-type":"LEATHER_ARMOR","display-name":"Surplus Pantaloons of Defense","enchants":{"PROTECTION_ENVIRONMENTAL":2,"DURABILITY":1},"color":{"==":"Color","RED":11,"BLUE":124,"GREEN":72}}}},"enderChestContents":{},"potions":[],"stats":{"ex":"1.981053","ma":"300","fl":"20","el":"0","hp":"20.0","xp":"0.0","txp":"0","ft":"-20","sa":"0.0","fd":"0.0","ra":"300"}}}