{"SURVIVAL":{"enderChestContents":{},"offHandItem":{"==":"org.bukkit.inventory.ItemStack","type":"SPARTANSHIELDS_SHIELD_BASIC_IRON","damage":52},"inventoryContents":{"22":{"==":"org.bukkit.inventory.ItemStack","type":"ARROW","amount":3},"23":{"==":"org.bukkit.inventory.ItemStack","type":"LEATHER","amount":8},"24":{"==":"org.bukkit.inventory.ItemStack","type":"FURNACE","amount":3},"27":{"==":"org.bukkit.inventory.ItemStack","type":"COAL","amount":64},"28":{"==":"org.bukkit.inventory.ItemStack","type":"RAW_CHICKEN","amount":13},"29":{"==":"org.bukkit.inventory.ItemStack","type":"COAL","amount":6},"30":{"==":"org.bukkit.inventory.ItemStack","type":"PORK","amount":11},"31":{"==":"org.bukkit.inventory.ItemStack","type":"STONE","damage":1,"amount":10},"10":{"==":"org.bukkit.inventory.ItemStack","type":"STRING","amount":3},"32":{"==":"org.bukkit.inventory.ItemStack","type":"STONE_PICKAXE","damage":70},"11":{"==":"org.bukkit.inventory.ItemStack","type":"CHOCOCRAFT_GYSAHL_GREEN_SEEDS","amount":21},"33":{"==":"org.bukkit.inventory.ItemStack","type":"STICK","amount":8},"12":{"==":"org.bukkit.inventory.ItemStack","type":"BONE","amount":5},"13":{"==":"org.bukkit.inventory.ItemStack","type":"WORKBENCH"},"14":{"==":"org.bukkit.inventory.ItemStack","type":"COBBLESTONE","amount":21},"36":{"==":"org.bukkit.inventory.ItemStack","type":"IRON_BOOTS","damage":12},"15":{"==":"org.bukkit.inventory.ItemStack","type":"SEEDS","amount":9},"37":{"==":"org.bukkit.inventory.ItemStack","type":"IRON_LEGGINGS","damage":20},"16":{"==":"org.bukkit.inventory.ItemStack","type":"SIMPLECORN_KERNELS","amount":5},"38":{"==":"org.bukkit.inventory.ItemStack","type":"IRON_CHESTPLATE","damage":20},"17":{"==":"org.bukkit.inventory.ItemStack","type":"BIOMESOPLENTY_FLOWER_0","amount":2},"39":{"==":"org.bukkit.inventory.ItemStack","type":"IRON_HELMET","damage":12},"18":{"==":"org.bukkit.inventory.ItemStack","type":"ROTTEN_FLESH","amount":6},"19":{"==":"org.bukkit.inventory.ItemStack","type":"WOOL","amount":2},"0":{"==":"org.bukkit.inventory.ItemStack","type":"THERMALEXPANSION_SATCHEL","meta":{"==":"ItemMeta","meta-type":"UNSPECIFIC","internal":"H4sIAAAAAAAAAONiYOBi4PTMK0vNK8kvquRiYA3OyS8x4mBgykxhEC3JSC3KTcxJyy\/NS0ksyczPs8ovSmVkYHUGCpSwMDGwuSTmJqanMoAMAWs0hmgUys3MS00uSkwrscosys+LR9LFi0WXCUSXCJquzLz0\/BKYPmYs+gyIcaY0QiMjTKMhMRodkG0E6XVMTk4tLs5MygEqAQB1IyrgOAEAAA=="}},"1":{"==":"org.bukkit.inventory.ItemStack","type":"RAW_BEEF","amount":20},"2":{"==":"org.bukkit.inventory.ItemStack","type":"BED"},"3":{"==":"org.bukkit.inventory.ItemStack","type":"MUTTON","amount":7},"4":{"==":"org.bukkit.inventory.ItemStack","type":"WATER_BUCKET"},"5":{"==":"org.bukkit.inventory.ItemStack","type":"COOKED_BEEF","amount":3},"6":{"==":"org.bukkit.inventory.ItemStack","type":"IRON_PICKAXE","damage":247},"7":{"==":"org.bukkit.inventory.ItemStack","type":"IRON_SWORD","damage":78},"8":{"==":"org.bukkit.inventory.ItemStack","type":"IRON_AXE","damage":8},"9":{"==":"org.bukkit.inventory.ItemStack","type":"FEATHER","amount":19},"40":{"==":"org.bukkit.inventory.ItemStack","type":"SPARTANSHIELDS_SHIELD_BASIC_IRON","damage":52},"21":{"==":"org.bukkit.inventory.ItemStack","type":"WOOD","amount":23}},"armorContents":{"0":{"==":"org.bukkit.inventory.ItemStack","type":"IRON_BOOTS","damage":12},"1":{"==":"org.bukkit.inventory.ItemStack","type":"IRON_LEGGINGS","damage":20},"2":{"==":"org.bukkit.inventory.ItemStack","type":"IRON_CHESTPLATE","damage":20},"3":{"==":"org.bukkit.inventory.ItemStack","type":"IRON_HELMET","damage":12}},"potions":[],"stats":{"ex":"2.4784982","ma":"300","fl":"20","el":"0","hp":"20.0","xp":"0.0","txp":"0","fd":"0.0","ft":"-20","sa":"11.8","ra":"300"}}}