{"stat.walkOneCm":3900,"stat.leaveGame":1,"stat.damageTaken":280,"stat.useItem.securitycraft.bogus_water_flowing":6,"stat.killEntity.ZombieVillager":1,"stat.mobKills":2,"stat.mineBlock.minecraft.log":1,"stat.pickup.minecraft.log":1,"stat.flyOneCm":18485,"stat.deaths":3,"stat.useItem.thermalfoundation.tool.hammer_copper":4,"stat.jump":32,"stat.swimOneCm":48,"stat.playOneMinute":18465,"stat.fallOneCm":894,"stat.sneakTime":28,"stat.damageDealt":379,"stat.crouchOneCm":36,"stat.killEntity.Zombie":1,"stat.timeSinceDeath":17310,"stat.useItem.securitycraft.bogus_lava_flowing":1,"stat.craftItem.thermalfoundation.tool.hammer_copper":2,"stat.useItem.minecraft.crafting_table":3,"stat.sprintOneCm":3080,"stat.useItem.minecraft.stone_slab2":3,"stat.craftingTableInteraction":6}