{"stat.leaveGame":9,"stat.useItem.thermalfoundation.tool.axe_tin":81,"stat.pickup.minecraft.lapis_block":2,"stat.mineBlock.minecraft.sandstone":61,"stat.drop.chococraft.chocobo_feather":1,"stat.pickup.minecraft.porkchop":12,"stat.pickup.spartanshields.shield_basic_wood":2,"stat.pickup.minecraft.rotten_flesh":66,"stat.pickup.minecraft.sand":22,"stat.craftItem.minecraft.stone_axe":2,"stat.mineBlock.twilightforest.twilight_log":6,"stat.pickup.biomesoplenty.mushroom":3,"stat.pickup.mowziesmobs.barakoa_mask_misery":2,"stat.pickup.minecraft.chainmail_chestplate":1,"stat.mineBlock.minecraft.sand":17,"stat.drop.minecraft.sand":1,"stat.craftItem.spartanshields.shield_basic_wood":1,"stat.useItem.minecraft.iron_pickaxe":120,"stat.pickup.minecraft.stained_hardened_clay":27,"stat.craftItem.minecraft.wooden_pickaxe":2,"stat.pickup.thermalexpansion.satchel":1,"stat.drop.minecraft.cooked_mutton":11,"stat.craftItem.minecraft.bed":4,"stat.pickup.spartanshields.shield_tower_wood":1,"stat.mineBlock.chisel.marble2":2,"stat.pickup.thermalfoundation.material":3,"stat.furnaceInteraction":26,"stat.killEntity.ZombieVillager":2,"stat.useItem.biomesoplenty.mushroom":1,"stat.craftItem.thermalfoundation.material":9,"stat.mineBlock.minecraft.lapis_block":2,"stat.pickup.minecraft.beef":8,"stat.useItem.minecraft.cooked_mutton":17,"stat.pickup.minecraft.furnace":3,"stat.pickup.minecraft.hay_block":13,"stat.pickup.biomesoplenty.flower_1":1,"stat.pickup.biomesoplenty.flower_0":3,"stat.pickup.minecraft.iron_chestplate":2,"stat.pickup.minecraft.skull":1,"stat.useItem.thermalfoundation.tool.pickaxe_tin":67,"stat.pickup.minecraft.potion":4,"stat.mineBlock.minecraft.fence":1,"stat.killEntity.Husk":4,"stat.deaths":5,"stat.pickup.minecraft.egg":11,"stat.playOneMinute":221367,"stat.mineBlock.minecraft.stone_pressure_plate":1,"stat.craftItem.minecraft.iron_pickaxe":1,"stat.pickup.minecraft.iron_bars":9,"stat.pickup.chisel.marble2":4,"stat.mineBlock.minecraft.tallgrass":12,"stat.craftItem.minecraft.cooked_mutton":92,"stat.pickup.minecraft.cooked_mutton":5,"stat.chestOpened":71,"stat.useItem.minecraft.splash_potion":1,"stat.pickup.minecraft.arrow":12,"stat.pickup.minecraft.iron_sword":1,"stat.pickup.simplecorn.kernels":7,"stat.craftItem.biomesoplenty.planks_0":160,"stat.fallOneCm":98904,"stat.pickup.minecraft.carrot":1,"stat.crouchOneCm":16113,"stat.craftItem.minecraft.iron_ingot":17,"stat.craftItem.minecraft.chest":4,"stat.craftingTableInteraction":31,"stat.useItem.chisel.marble2":1,"stat.mineBlock.minecraft.log2":3,"stat.pickup.minecraft.feather":26,"stat.mineBlock.biomesoplenty.plant_1":5,"stat.mineBlock.biomesoplenty.plant_0":37,"stat.pickup.minecraft.planks":7,"stat.pickup.minecraft.iron_leggings":2,"stat.pickup.biomesoplenty.plant_1":7,"stat.pickup.chisel.limestone2":14,"stat.pickup.minecraft.wheat_seeds":36,"stat.useItem.minecraft.stone_pickaxe":349,"stat.useItem.minecraft.stone_sword":14,"stat.useItem.minecraft.wool":2,"stat.useItem.biomesoplenty.berries":5,"stat.mineBlock.minecraft.dirt":18,"stat.pickup.minecraft.chainmail_boots":2,"stat.useItem.minecraft.iron_bars":2,"stat.mineBlock.minecraft.quartz_stairs":1,"stat.useItem.minecraft.torch":13,"stat.useItem.minecraft.bread":9,"stat.mineBlock.biomesoplenty.leaves_5":18,"stat.pickup.minecraft.crafting_table":5,"stat.useItem.minecraft.cobblestone":65,"stat.craftItem.minecraft.crafting_table":5,"stat.pickup.minecraft.log":125,"stat.pickup.biomesoplenty.planks_0":17,"stat.pickup.minecraft.chicken":20,"stat.pickup.minecraft.chainmail_leggings":1,"stat.pickup.minecraft.apple":9,"stat.mineBlock.twilightforest.firefly":1,"stat.pickup.thermalfoundation.tool.axe_tin":4,"stat.craftItem.minecraft.planks":36,"stat.killEntity.PolarBear":1,"stat.pickup.biomesoplenty.berries":5,"stat.pickup.minecraft.book":21,"stat.useItem.minecraft.stonebrick":17,"stat.craftItem.minecraft.cooked_chicken":9,"stat.pickup.minecraft.red_flower":1,"stat.sneakTime":5993,"stat.pickup.minecraft.wool":67,"stat.useItem.minecraft.wooden_axe":39,"stat.drop.minecraft.stone_pickaxe":2,"stat.pickup.minecraft.bone":11,"stat.craftItem.twilightforest.canopy_planks":24,"stat.pickup.minecraft.stone_pressure_plate":2,"stat.mineBlock.minecraft.cobblestone":33,"stat.pickup.minecraft.stone_pickaxe":8,"stat.useItem.biomesoplenty.ebony_fence":15,"stat.pickup.minecraft.leather_chestplate":1,"stat.swimOneCm":41592,"stat.pickup.minecraft.enchanted_book":3,"stat.climbOneCm":346,"stat.drop.minecraft.cobblestone":2,"stat.useItem.minecraft.stone_slab2":47,"stat.pickup.minecraft.bow":2,"stat.pickup.minecraft.iron_boots":3,"stat.craftItem.minecraft.furnace":1,"stat.pickup.thermalfoundation.ore":20,"stat.useItem.minecraft.egg":3,"stat.craftItem.minecraft.stone_pickaxe":4,"stat.craftItem.minecraft.cooked_beef":3,"stat.pickup.minecraft.cobblestone":229,"stat.pickup.minecraft.quartz_stairs":2,"stat.mineBlock.minecraft.carpet":4,"stat.mineBlock.chisel.limestone2":4,"stat.flyOneCm":1005824,"stat.pickup.minecraft.sandstone":74,"stat.pickup.minecraft.cactus":19,"stat.mineBlock.minecraft.iron_ore":37,"stat.timeSinceDeath":100833,"stat.pickup.minecraft.mutton":99,"stat.mineBlock.biomesoplenty.log_3":30,"stat.mineBlock.biomesoplenty.log_1":10,"stat.drop.minecraft.iron_bars":1,"stat.mineBlock.thermalfoundation.ore":20,"stat.pickup.minecraft.stonebrick":101,"stat.pickup.minecraft.iron_shovel":2,"stat.craftItem.biomesoplenty.ebony_fence":18,"stat.mineBlock.minecraft.coal_ore":132,"stat.pickup.chococraft.chocobo_feather":4,"stat.pickup.minecraft.shield":7,"stat.talkedToVillager":3,"stat.pickup.minecraft.string":1,"stat.pickup.thermalfoundation.tool.pickaxe_tin":1,"stat.craftItem.thermalfoundation.tool.axe_tin":1,"stat.craftItem.minecraft.stone_slab2":0,"stat.pickup.minecraft.sandstone_stairs":4,"stat.sprintOneCm":374034,"stat.mineBlock.biomesoplenty.flower_1":1,"stat.mineBlock.biomesoplenty.flower_0":1,"stat.craftItem.minecraft.stick":48,"stat.craftItem.minecraft.wooden_axe":1,"stat.craftItem.thermalfoundation.tool.sword_tin":1,"stat.mineBlock.biomesoplenty.mushroom":3,"stat.mineBlock.minecraft.crafting_table":5,"stat.pickup.chococraft.gysahl_green_seeds":27,"stat.drop":20,"stat.killEntity.Sheep":65,"stat.killEntity.Zombie":10,"stat.craftItem.minecraft.dye":19,"stat.diveOneCm":63247,"stat.pickup.minecraft.stone_axe":3,"stat.useItem.minecraft.apple":1,"stat.jump":4668,"stat.useItem.minecraft.sand":9,"stat.pickup.minecraft.fence":1,"stat.pickup.minecraft.coal":133,"stat.pickup.minecraft.iron_ingot":20,"stat.useItem.minecraft.stone_axe":175,"stat.craftItem.minecraft.bread":36,"stat.pickup.minecraft.spider_eye":2,"stat.craftItem.minecraft.torch":56,"stat.pickup.minecraft.dirt":27,"stat.useItem.minecraft.cooked_chicken":5,"stat.pickup.minecraft.iron_ore":37,"stat.useItem.thermalfoundation.tool.sword_tin":59,"stat.mineBlock.minecraft.iron_bars":3,"stat.pickup.minecraft.iron_axe":2,"stat.brewingstandInteraction":1,"stat.pickup.minecraft.leather":10,"stat.damageTaken":2745,"stat.pickup.twilightforest.firefly":1,"stat.mineBlock.minecraft.torch":2,"stat.mineBlock.minecraft.furnace":1,"stat.useItem.minecraft.wooden_pickaxe":31,"stat.pickup.minecraft.log2":2,"stat.pickup.minecraft.reeds":33,"stat.entityKilledBy.ZombieVillager":1,"stat.pickup.minecraft.bed":1,"stat.entityKilledBy.Zombie":3,"stat.damageDealt":12200,"stat.sleepInBed":6,"stat.pickup.twilightforest.twilight_log":6,"stat.pickup.chococraft.gysahl_green":2,"stat.killEntity.Cow":7,"stat.killEntity.Pig":4,"stat.walkOneCm":550221,"stat.useItem.minecraft.chest":1,"stat.pickup.minecraft.stick":35,"stat.pickup.thermalfoundation.tool.sword_tin":3,"stat.pickup.biomesoplenty.sapling_2":2,"stat.mineBlock.biomesoplenty.planks_0":1,"stat.craftItem.minecraft.wheat":108,"stat.pickup.minecraft.tnt":9,"stat.drop.minecraft.iron_chestplate":1,"stat.pickup.minecraft.stone":3,"stat.craftItem.minecraft.iron_chestplate":2,"stat.mineBlock.minecraft.wool":2,"stat.pickup.minecraft.gold_ingot":4,"stat.mineBlock.thermalfoundation.ore_fluid":3,"stat.killEntity.Skeleton":3,"stat.pickup.biomesoplenty.log_3":30,"stat.mineBlock.minecraft.tnt":9,"stat.mineBlock.minecraft.cactus":6,"stat.mineBlock.minecraft.stonebrick":101,"stat.pickup.biomesoplenty.log_1":10,"stat.killEntity.Chicken":20,"stat.useItem.biomesoplenty.planks_0":1,"stat.killEntity.Spider":2,"stat.pickup.minecraft.bread":2,"stat.mobKills":126,"stat.pickup.mowziesmobs.barakoa_mask_bliss":2,"stat.pickup.minecraft.torch":27,"stat.drop.minecraft.stone_axe":1,"stat.mineBlock.minecraft.hay_block":13,"stat.craftItem.thermalfoundation.tool.pickaxe_tin":1,"stat.mineBlock.minecraft.stone":129,"stat.useItem.minecraft.sandstone":31}