{"stat.leaveGame":12,"stat.craftItem.minecraft.iron_axe":4,"stat.mineBlock.twilightforest.twilight_plant":3,"stat.useItem.thermalfoundation.tool.axe_tin":133,"stat.pickup.minecraft.lapis_block":2,"stat.mineBlock.minecraft.sandstone":74,"stat.drop.chococraft.chocobo_feather":1,"stat.pickup.minecraft.glowstone_dust":2,"stat.pickup.minecraft.porkchop":16,"stat.mineBlock.twilightforest.maze_stone":3,"stat.pickup.spartanshields.shield_basic_wood":2,"stat.mineBlock.minecraft.red_mushroom":1,"stat.mineBlock.minecraft.stone_brick_stairs":1,"stat.pickup.minecraft.rotten_flesh":72,"stat.pickup.minecraft.sand":37,"stat.pickup.minecraft.brick_block":15,"stat.craftItem.minecraft.stone_axe":2,"stat.pickup.minecraft.cobblestone_wall":10,"stat.killEntity.twilightforest.raven":1,"stat.mineBlock.twilightforest.cicada":3,"stat.mineBlock.twilightforest.twilight_log":16,"stat.pickup.biomesoplenty.mushroom":4,"stat.pickup.mowziesmobs.barakoa_mask_misery":2,"stat.pickup.minecraft.chainmail_chestplate":1,"stat.pickup.minecraft.brown_mushroom":1,"stat.mineBlock.minecraft.sand":32,"stat.drop.minecraft.sand":1,"stat.craftItem.spartanshields.shield_basic_wood":1,"stat.pickup.twilightforest.cicada":3,"stat.useItem.minecraft.iron_pickaxe":971,"stat.pickup.minecraft.stained_hardened_clay":27,"stat.craftItem.minecraft.wooden_pickaxe":3,"stat.pickup.thermalexpansion.satchel":2,"stat.mineBlock.minecraft.brick_block":14,"stat.drop.minecraft.cooked_mutton":11,"stat.killEntity.twilightforest.skeleton_druid":2,"stat.craftItem.minecraft.bed":4,"stat.trappedChestTriggered":1,"stat.pickup.spartanshields.shield_tower_wood":1,"stat.mineBlock.chisel.marble2":74,"stat.mineBlock.minecraft.vine":6,"stat.pickup.thermalfoundation.material":5,"stat.furnaceInteraction":54,"stat.mineBlock.minecraft.rail":1,"stat.killEntity.ZombieVillager":2,"stat.useItem.biomesoplenty.mushroom":1,"stat.craftItem.thermalfoundation.material":24,"stat.mineBlock.minecraft.lapis_block":2,"stat.pickup.minecraft.beef":12,"stat.useItem.minecraft.cooked_mutton":31,"stat.pickup.minecraft.furnace":5,"stat.pickup.minecraft.hay_block":13,"stat.pickup.biomesoplenty.flower_1":1,"stat.pickup.biomesoplenty.flower_0":3,"stat.pickup.minecraft.iron_chestplate":2,"stat.pickup.minecraft.skull":1,"stat.craftItem.thermalfoundation.tool.pickaxe_silver":1,"stat.useItem.thermalfoundation.tool.pickaxe_tin":67,"stat.pickup.minecraft.stone_stairs":2,"stat.pickup.minecraft.potion":5,"stat.mineBlock.minecraft.fence":1,"stat.pickup.twilightforest.raven_feather":1,"stat.killEntity.Husk":8,"stat.mineBlock.minecraft.brick_stairs":1,"stat.deaths":7,"stat.pickup.minecraft.egg":13,"stat.playOneMinute":427221,"stat.pickup.minecraft.blaze_rod":2,"stat.mineBlock.minecraft.stone_pressure_plate":1,"stat.craftItem.minecraft.iron_pickaxe":5,"stat.pickup.minecraft.iron_bars":17,"stat.drop.minecraft.torch":1,"stat.pickup.chisel.marble2":49,"stat.killEntity.thermalfoundation.blitz":1,"stat.mineBlock.minecraft.tallgrass":22,"stat.craftItem.minecraft.cooked_mutton":92,"stat.pickup.minecraft.netherrack":2,"stat.pickup.minecraft.cooked_mutton":63,"stat.chestOpened":118,"stat.useItem.minecraft.splash_potion":1,"stat.entityKilledBy.thermalfoundation.blitz":1,"stat.useItem.minecraft.stone":1,"stat.mineBlock.minecraft.netherrack":1,"stat.pickup.minecraft.arrow":12,"stat.pickup.minecraft.iron_sword":1,"stat.pickup.simplecorn.kernels":7,"stat.drop.minecraft.iron_pickaxe":2,"stat.pickup.minecraft.brick_stairs":5,"stat.craftItem.biomesoplenty.planks_0":160,"stat.pickup.minecraft.cooked_chicken":4,"stat.fallOneCm":136313,"stat.pickup.minecraft.carrot":2,"stat.crouchOneCm":34059,"stat.pickup.minecraft.rail":1,"stat.craftItem.minecraft.iron_ingot":78,"stat.craftItem.minecraft.chest":8,"stat.useItem.biomesoplenty.plant_1":1,"stat.pickup.minecraft.melon":5,"stat.craftingTableInteraction":60,"stat.pickup.minecraft.mushroom_stew":2,"stat.craftItem.thermalexpansion.satchel":1,"stat.useItem.chisel.marble2":1,"stat.mineBlock.minecraft.log2":3,"stat.pickup.minecraft.wooden_pickaxe":1,"stat.pickup.minecraft.feather":27,"stat.mineBlock.biomesoplenty.plant_1":9,"stat.mineBlock.biomesoplenty.plant_0":39,"stat.pickup.minecraft.dye":19,"stat.pickup.minecraft.planks":9,"stat.pickup.minecraft.iron_leggings":2,"stat.pickup.biomesoplenty.plant_1":10,"stat.pickup.chisel.limestone2":16,"stat.craftItem.minecraft.diamond_shovel":1,"stat.pickup.minecraft.wheat_seeds":36,"stat.mineBlock.biomesoplenty.gem_ore":5,"stat.mineBlock.minecraft.gravel":16,"stat.useItem.minecraft.stone_pickaxe":377,"stat.useItem.minecraft.stone_sword":45,"stat.pickup.twilightforest.maze_stone":3,"stat.useItem.minecraft.wool":56,"stat.useItem.biomesoplenty.berries":5,"stat.mineBlock.minecraft.dirt":85,"stat.pickup.minecraft.chainmail_boots":2,"stat.useItem.minecraft.iron_bars":2,"stat.mineBlock.minecraft.quartz_stairs":1,"stat.useItem.minecraft.torch":39,"stat.useItem.minecraft.bread":9,"stat.pickup.minecraft.golden_apple":2,"stat.mineBlock.biomesoplenty.leaves_5":18,"stat.pickup.minecraft.crafting_table":9,"stat.useItem.minecraft.cobblestone":197,"stat.craftItem.minecraft.crafting_table":7,"stat.useItem.minecraft.gravel":1,"stat.mineBlock.minecraft.double_plant":1,"stat.pickup.minecraft.golden_hoe":1,"stat.pickup.minecraft.log":125,"stat.pickup.biomesoplenty.planks_0":53,"stat.craftItem.twilightforest.twilight_oak_planks":24,"stat.pickup.minecraft.iron_pickaxe":4,"stat.pickup.minecraft.chicken":21,"stat.pickup.minecraft.chainmail_leggings":1,"stat.pickup.minecraft.apple":23,"stat.mineBlock.twilightforest.twilight_leaves":2,"stat.mineBlock.twilightforest.huge_waterlily":2,"stat.mineBlock.twilightforest.firefly":2,"stat.pickup.thermalfoundation.tool.axe_tin":6,"stat.craftItem.minecraft.planks":36,"stat.killEntity.PolarBear":1,"stat.pickup.biomesoplenty.berries":5,"stat.pickup.minecraft.stone_sword":1,"stat.pickup.minecraft.book":21,"stat.useItem.minecraft.stonebrick":18,"stat.craftItem.minecraft.cooked_chicken":9,"stat.pickup.minecraft.red_flower":1,"stat.sneakTime":12834,"stat.pickup.minecraft.wool":153,"stat.mineBlock.minecraft.cobblestone_wall":5,"stat.useItem.minecraft.wooden_axe":39,"stat.pickup.minecraft.yellow_flower":2,"stat.craftItem.biomesoplenty.ebony_fence_gate":3,"stat.drop.minecraft.stone_pickaxe":2,"stat.craftItem.minecraft.diamond_chestplate":1,"stat.pickup.minecraft.bone":16,"stat.craftItem.twilightforest.canopy_planks":24,"stat.killEntity.twilightforest.tiny_bird":2,"stat.pickup.minecraft.stone_pressure_plate":2,"stat.craftItem.minecraft.diamond_leggings":1,"stat.useItem.minecraft.iron_axe":45,"stat.mineBlock.minecraft.cobblestone":47,"stat.pickup.minecraft.stone_pickaxe":11,"stat.useItem.biomesoplenty.ebony_fence":16,"stat.pickup.minecraft.flint":2,"stat.pickup.twilightforest.mangrove_planks":5,"stat.mineBlock.minecraft.yellow_flower":2,"stat.pickup.minecraft.leather_chestplate":1,"stat.mineBlock.minecraft.brown_mushroom":1,"stat.craftItem.minecraft.wool":29,"stat.useItem.biomesoplenty.ebony_fence_gate":2,"stat.craftItem.minecraft.diamond_helmet":1,"stat.swimOneCm":88172,"stat.pickup.minecraft.enchanted_book":3,"stat.climbOneCm":4992,"stat.drop.minecraft.cobblestone":3,"stat.pickup.minecraft.cooked_porkchop":5,"stat.drop.minecraft.brown_mushroom":1,"stat.useItem.minecraft.dirt":13,"stat.useItem.minecraft.stone_slab2":77,"stat.pickup.minecraft.bow":2,"stat.pickup.minecraft.iron_boots":3,"stat.craftItem.minecraft.furnace":2,"stat.pickup.biomesoplenty.ebony_fence":2,"stat.pickup.thermalfoundation.ore":180,"stat.useItem.minecraft.egg":4,"stat.craftItem.minecraft.stone_pickaxe":5,"stat.craftItem.minecraft.cooked_beef":3,"stat.pickup.minecraft.cobblestone":970,"stat.pickup.minecraft.quartz_stairs":2,"stat.mineBlock.minecraft.carpet":4,"stat.mineBlock.chisel.limestone2":6,"stat.flyOneCm":1422911,"stat.pickup.minecraft.sandstone":87,"stat.useItem.thermalfoundation.tool.pickaxe_silver":72,"stat.pickup.minecraft.cactus":44,"stat.mineBlock.minecraft.iron_ore":138,"stat.timeSinceDeath":126937,"stat.pickup.minecraft.mutton":167,"stat.mineBlock.biomesoplenty.log_3":30,"stat.mineBlock.biomesoplenty.log_1":10,"stat.drop.minecraft.iron_bars":1,"stat.mineBlock.thermalfoundation.ore":145,"stat.pickup.minecraft.stonebrick":133,"stat.pickup.minecraft.iron_shovel":2,"stat.craftItem.biomesoplenty.ebony_fence":18,"stat.mineBlock.minecraft.coal_ore":250,"stat.pickup.chococraft.chocobo_feather":10,"stat.pickup.minecraft.shield":7,"stat.talkedToVillager":6,"stat.pickup.minecraft.string":1,"stat.pickup.thermalfoundation.tool.pickaxe_tin":1,"stat.craftItem.thermalfoundation.tool.axe_tin":1,"stat.craftItem.minecraft.stone_slab2":0,"stat.pickup.minecraft.sandstone_stairs":4,"stat.useItem.minecraft.written_book":2,"stat.sprintOneCm":637002,"stat.useItem.minecraft.diamond_shovel":17,"stat.mineBlock.biomesoplenty.flower_1":1,"stat.mineBlock.biomesoplenty.flower_0":1,"stat.drop.thermalfoundation.tool.axe_tin":2,"stat.craftItem.minecraft.stick":80,"stat.craftItem.minecraft.wooden_axe":1,"stat.craftItem.thermalfoundation.tool.sword_tin":1,"stat.mineBlock.minecraft.diamond_ore":31,"stat.mineBlock.biomesoplenty.mushroom":4,"stat.mineBlock.minecraft.crafting_table":9,"stat.useItem.minecraft.diamond_pickaxe":429,"stat.pickup.minecraft.leather_leggings":1,"stat.pickup.chococraft.gysahl_green_seeds":30,"stat.mineBlock.minecraft.planks":2,"stat.drop":28,"stat.mineBlock.twilightforest.mangrove_stairs":2,"stat.pickup.twilightforest.huge_waterlily":2,"stat.killEntity.Sheep":102,"stat.craftItem.minecraft.diamond_pickaxe":2,"stat.killEntity.Zombie":11,"stat.craftItem.minecraft.dye":49,"stat.mineBlock.minecraft.gold_ore":14,"stat.diveOneCm":91285,"stat.drop.minecraft.diamond_pickaxe":1,"stat.mineBlock.minecraft.mossy_cobblestone":1,"stat.pickup.minecraft.gravel":15,"stat.pickup.minecraft.stone_axe":3,"stat.useItem.minecraft.apple":1,"stat.pickup.twilightforest.torchberries":2,"stat.pickup.minecraft.stone_brick_stairs":1,"stat.jump":7069,"stat.useItem.minecraft.sand":11,"stat.pickup.minecraft.fence":1,"stat.pickup.minecraft.coal":264,"stat.pickup.minecraft.iron_ingot":26,"stat.useItem.minecraft.stone_axe":175,"stat.craftItem.minecraft.bread":36,"stat.pickup.minecraft.spider_eye":2,"stat.craftItem.minecraft.torch":84,"stat.pickup.minecraft.dirt":82,"stat.useItem.minecraft.cooked_chicken":11,"stat.pickup.minecraft.iron_ore":140,"stat.mineBlock.twilightforest.mangrove_planks":5,"stat.useItem.thermalfoundation.tool.sword_tin":60,"stat.mineBlock.minecraft.iron_bars":11,"stat.pickup.minecraft.gold_ore":18,"stat.pickup.minecraft.iron_axe":3,"stat.brewingstandInteraction":1,"stat.mineBlock.minecraft.stone_stairs":1,"stat.pickup.minecraft.leather":16,"stat.damageTaken":3950,"stat.pickup.twilightforest.firefly":3,"stat.mineBlock.minecraft.torch":2,"stat.mineBlock.minecraft.furnace":1,"stat.mineBlock.minecraft.red_flower":1,"stat.useItem.minecraft.wooden_pickaxe":57,"stat.pickup.minecraft.log2":2,"stat.pickup.twilightforest.canopy_planks":7,"stat.pickup.minecraft.reeds":33,"stat.entityKilledBy.ZombieVillager":1,"stat.pickup.minecraft.bed":1,"stat.entityKilledBy.Zombie":3,"stat.damageDealt":18842,"stat.sleepInBed":10,"stat.pickup.twilightforest.twilight_log":16,"stat.pickup.chococraft.gysahl_green":4,"stat.killEntity.Cow":8,"stat.mineBlock.twilightforest.root":8,"stat.pickup.twilightforest.liveroot":1,"stat.pickup.minecraft.minecart":2,"stat.killEntity.Pig":4,"stat.walkOneCm":966001,"stat.useItem.minecraft.chest":3,"stat.pickup.minecraft.stick":73,"stat.pickup.minecraft.diamond_pickaxe":1,"stat.pickup.thermalfoundation.tool.sword_tin":3,"stat.pickup.biomesoplenty.sapling_2":2,"stat.mineBlock.biomesoplenty.planks_0":1,"stat.craftItem.minecraft.diamond_boots":1,"stat.craftItem.minecraft.wheat":108,"stat.pickup.minecraft.tnt":11,"stat.drop.minecraft.iron_chestplate":1,"stat.pickup.minecraft.stone":145,"stat.craftItem.minecraft.iron_chestplate":2,"stat.mineBlock.minecraft.wool":7,"stat.pickup.minecraft.baked_potato":10,"stat.killEntity.twilightforest.deer":5,"stat.pickup.minecraft.gold_ingot":4,"stat.mineBlock.thermalfoundation.ore_fluid":36,"stat.killEntity.Skeleton":3,"stat.pickup.biomesoplenty.log_3":30,"stat.mineBlock.minecraft.tnt":9,"stat.mineBlock.minecraft.cactus":14,"stat.pickup.biomesoplenty.gem":5,"stat.entityKilledBy.twilightforest.skeleton_druid":1,"stat.mineBlock.minecraft.stonebrick":122,"stat.pickup.biomesoplenty.log_1":10,"stat.killEntity.Chicken":21,"stat.useItem.biomesoplenty.planks_0":1,"stat.killEntity.Spider":2,"stat.killEntity.twilightforest.bighorn_sheep":9,"stat.pickup.minecraft.bread":30,"stat.pickup.twilightforest.raw_venison":7,"stat.mobKills":193,"stat.pickup.mowziesmobs.barakoa_mask_bliss":2,"stat.pickup.minecraft.diamond":32,"stat.pickup.minecraft.torch":35,"stat.drop.minecraft.stone_axe":1,"stat.killEntity.twilightforest.wild_boar":2,"stat.mineBlock.minecraft.hay_block":13,"stat.craftItem.thermalfoundation.tool.pickaxe_tin":1,"stat.mineBlock.minecraft.stone":872,"stat.useItem.minecraft.sandstone":31}