{"stat.leaveGame":9,"stat.craftItem.minecraft.iron_axe":2,"stat.mineBlock.twilightforest.twilight_plant":1,"stat.useItem.thermalfoundation.tool.axe_tin":81,"stat.pickup.minecraft.lapis_block":2,"stat.mineBlock.minecraft.sandstone":61,"stat.drop.chococraft.chocobo_feather":1,"stat.pickup.minecraft.glowstone_dust":1,"stat.pickup.minecraft.porkchop":16,"stat.pickup.spartanshields.shield_basic_wood":2,"stat.mineBlock.minecraft.stone_brick_stairs":1,"stat.pickup.minecraft.rotten_flesh":66,"stat.pickup.minecraft.sand":22,"stat.pickup.minecraft.brick_block":15,"stat.craftItem.minecraft.stone_axe":2,"stat.pickup.minecraft.cobblestone_wall":10,"stat.killEntity.twilightforest.raven":1,"stat.mineBlock.twilightforest.cicada":2,"stat.mineBlock.twilightforest.twilight_log":16,"stat.pickup.biomesoplenty.mushroom":3,"stat.pickup.mowziesmobs.barakoa_mask_misery":2,"stat.pickup.minecraft.chainmail_chestplate":1,"stat.mineBlock.minecraft.sand":17,"stat.drop.minecraft.sand":1,"stat.craftItem.spartanshields.shield_basic_wood":1,"stat.pickup.twilightforest.cicada":2,"stat.useItem.minecraft.iron_pickaxe":370,"stat.pickup.minecraft.stained_hardened_clay":27,"stat.craftItem.minecraft.wooden_pickaxe":3,"stat.pickup.thermalexpansion.satchel":1,"stat.mineBlock.minecraft.brick_block":14,"stat.drop.minecraft.cooked_mutton":11,"stat.killEntity.twilightforest.skeleton_druid":2,"stat.craftItem.minecraft.bed":4,"stat.trappedChestTriggered":1,"stat.pickup.spartanshields.shield_tower_wood":1,"stat.mineBlock.chisel.marble2":2,"stat.pickup.thermalfoundation.material":3,"stat.furnaceInteraction":32,"stat.killEntity.ZombieVillager":2,"stat.useItem.biomesoplenty.mushroom":1,"stat.craftItem.thermalfoundation.material":24,"stat.mineBlock.minecraft.lapis_block":2,"stat.pickup.minecraft.beef":8,"stat.useItem.minecraft.cooked_mutton":17,"stat.pickup.minecraft.furnace":3,"stat.pickup.minecraft.hay_block":13,"stat.pickup.biomesoplenty.flower_1":1,"stat.pickup.biomesoplenty.flower_0":3,"stat.pickup.minecraft.iron_chestplate":2,"stat.pickup.minecraft.skull":1,"stat.craftItem.thermalfoundation.tool.pickaxe_silver":1,"stat.useItem.thermalfoundation.tool.pickaxe_tin":67,"stat.pickup.minecraft.stone_stairs":2,"stat.pickup.minecraft.potion":5,"stat.mineBlock.minecraft.fence":1,"stat.pickup.twilightforest.raven_feather":1,"stat.killEntity.Husk":4,"stat.mineBlock.minecraft.brick_stairs":1,"stat.deaths":6,"stat.pickup.minecraft.egg":11,"stat.playOneMinute":281367,"stat.mineBlock.minecraft.stone_pressure_plate":1,"stat.craftItem.minecraft.iron_pickaxe":2,"stat.pickup.minecraft.iron_bars":9,"stat.drop.minecraft.torch":1,"stat.pickup.chisel.marble2":4,"stat.mineBlock.minecraft.tallgrass":16,"stat.craftItem.minecraft.cooked_mutton":92,"stat.pickup.minecraft.netherrack":2,"stat.pickup.minecraft.cooked_mutton":5,"stat.chestOpened":74,"stat.useItem.minecraft.splash_potion":1,"stat.useItem.minecraft.stone":1,"stat.mineBlock.minecraft.netherrack":1,"stat.pickup.minecraft.arrow":12,"stat.pickup.minecraft.iron_sword":1,"stat.pickup.simplecorn.kernels":7,"stat.drop.minecraft.iron_pickaxe":2,"stat.pickup.minecraft.brick_stairs":5,"stat.craftItem.biomesoplenty.planks_0":160,"stat.pickup.minecraft.cooked_chicken":4,"stat.fallOneCm":106298,"stat.pickup.minecraft.carrot":2,"stat.crouchOneCm":24143,"stat.craftItem.minecraft.iron_ingot":26,"stat.craftItem.minecraft.chest":6,"stat.pickup.minecraft.melon":5,"stat.craftingTableInteraction":42,"stat.pickup.minecraft.mushroom_stew":2,"stat.useItem.chisel.marble2":1,"stat.mineBlock.minecraft.log2":3,"stat.pickup.minecraft.wooden_pickaxe":1,"stat.pickup.minecraft.feather":26,"stat.mineBlock.biomesoplenty.plant_1":5,"stat.mineBlock.biomesoplenty.plant_0":37,"stat.pickup.minecraft.planks":7,"stat.pickup.minecraft.iron_leggings":2,"stat.pickup.biomesoplenty.plant_1":7,"stat.pickup.chisel.limestone2":14,"stat.pickup.minecraft.wheat_seeds":36,"stat.mineBlock.minecraft.gravel":2,"stat.useItem.minecraft.stone_pickaxe":377,"stat.useItem.minecraft.stone_sword":14,"stat.useItem.minecraft.wool":2,"stat.useItem.biomesoplenty.berries":5,"stat.mineBlock.minecraft.dirt":47,"stat.pickup.minecraft.chainmail_boots":2,"stat.useItem.minecraft.iron_bars":2,"stat.mineBlock.minecraft.quartz_stairs":1,"stat.useItem.minecraft.torch":19,"stat.useItem.minecraft.bread":9,"stat.mineBlock.biomesoplenty.leaves_5":18,"stat.pickup.minecraft.crafting_table":7,"stat.useItem.minecraft.cobblestone":94,"stat.craftItem.minecraft.crafting_table":6,"stat.pickup.minecraft.golden_hoe":1,"stat.pickup.minecraft.log":125,"stat.pickup.biomesoplenty.planks_0":17,"stat.craftItem.twilightforest.twilight_oak_planks":24,"stat.pickup.minecraft.iron_pickaxe":3,"stat.pickup.minecraft.chicken":20,"stat.pickup.minecraft.chainmail_leggings":1,"stat.pickup.minecraft.apple":21,"stat.mineBlock.twilightforest.twilight_leaves":2,"stat.mineBlock.twilightforest.firefly":2,"stat.pickup.thermalfoundation.tool.axe_tin":4,"stat.craftItem.minecraft.planks":36,"stat.killEntity.PolarBear":1,"stat.pickup.biomesoplenty.berries":5,"stat.pickup.minecraft.book":21,"stat.useItem.minecraft.stonebrick":18,"stat.craftItem.minecraft.cooked_chicken":9,"stat.pickup.minecraft.red_flower":1,"stat.sneakTime":8502,"stat.pickup.minecraft.wool":70,"stat.mineBlock.minecraft.cobblestone_wall":5,"stat.useItem.minecraft.wooden_axe":39,"stat.pickup.minecraft.yellow_flower":2,"stat.drop.minecraft.stone_pickaxe":2,"stat.pickup.minecraft.bone":15,"stat.craftItem.twilightforest.canopy_planks":24,"stat.pickup.minecraft.stone_pressure_plate":2,"stat.useItem.minecraft.iron_axe":31,"stat.mineBlock.minecraft.cobblestone":33,"stat.pickup.minecraft.stone_pickaxe":9,"stat.useItem.biomesoplenty.ebony_fence":15,"stat.pickup.minecraft.flint":1,"stat.pickup.twilightforest.mangrove_planks":5,"stat.mineBlock.minecraft.yellow_flower":2,"stat.pickup.minecraft.leather_chestplate":1,"stat.swimOneCm":63924,"stat.pickup.minecraft.enchanted_book":3,"stat.climbOneCm":1319,"stat.drop.minecraft.cobblestone":2,"stat.pickup.minecraft.cooked_porkchop":5,"stat.useItem.minecraft.dirt":13,"stat.useItem.minecraft.stone_slab2":57,"stat.pickup.minecraft.bow":2,"stat.pickup.minecraft.iron_boots":3,"stat.craftItem.minecraft.furnace":2,"stat.pickup.thermalfoundation.ore":116,"stat.useItem.minecraft.egg":3,"stat.craftItem.minecraft.stone_pickaxe":5,"stat.craftItem.minecraft.cooked_beef":3,"stat.pickup.minecraft.cobblestone":406,"stat.pickup.minecraft.quartz_stairs":2,"stat.mineBlock.minecraft.carpet":4,"stat.mineBlock.chisel.limestone2":4,"stat.flyOneCm":1070479,"stat.pickup.minecraft.sandstone":74,"stat.useItem.thermalfoundation.tool.pickaxe_silver":34,"stat.pickup.minecraft.cactus":19,"stat.mineBlock.minecraft.iron_ore":92,"stat.timeSinceDeath":28300,"stat.pickup.minecraft.mutton":103,"stat.mineBlock.biomesoplenty.log_3":30,"stat.mineBlock.biomesoplenty.log_1":10,"stat.drop.minecraft.iron_bars":1,"stat.mineBlock.thermalfoundation.ore":82,"stat.pickup.minecraft.stonebrick":126,"stat.pickup.minecraft.iron_shovel":2,"stat.craftItem.biomesoplenty.ebony_fence":18,"stat.mineBlock.minecraft.coal_ore":147,"stat.pickup.chococraft.chocobo_feather":4,"stat.pickup.minecraft.shield":7,"stat.talkedToVillager":3,"stat.pickup.minecraft.string":1,"stat.pickup.thermalfoundation.tool.pickaxe_tin":1,"stat.craftItem.thermalfoundation.tool.axe_tin":1,"stat.craftItem.minecraft.stone_slab2":0,"stat.pickup.minecraft.sandstone_stairs":4,"stat.sprintOneCm":447388,"stat.mineBlock.biomesoplenty.flower_1":1,"stat.mineBlock.biomesoplenty.flower_0":1,"stat.craftItem.minecraft.stick":48,"stat.craftItem.minecraft.wooden_axe":1,"stat.craftItem.thermalfoundation.tool.sword_tin":1,"stat.mineBlock.biomesoplenty.mushroom":3,"stat.mineBlock.minecraft.crafting_table":7,"stat.pickup.chococraft.gysahl_green_seeds":27,"stat.drop":23,"stat.mineBlock.twilightforest.mangrove_stairs":2,"stat.killEntity.Sheep":65,"stat.killEntity.Zombie":10,"stat.craftItem.minecraft.dye":19,"stat.mineBlock.minecraft.gold_ore":14,"stat.diveOneCm":66437,"stat.pickup.minecraft.gravel":2,"stat.pickup.minecraft.stone_axe":3,"stat.useItem.minecraft.apple":1,"stat.pickup.twilightforest.torchberries":2,"stat.pickup.minecraft.stone_brick_stairs":1,"stat.jump":5268,"stat.useItem.minecraft.sand":9,"stat.pickup.minecraft.fence":1,"stat.pickup.minecraft.coal":161,"stat.pickup.minecraft.iron_ingot":26,"stat.useItem.minecraft.stone_axe":175,"stat.craftItem.minecraft.bread":36,"stat.pickup.minecraft.spider_eye":2,"stat.craftItem.minecraft.torch":64,"stat.pickup.minecraft.dirt":44,"stat.useItem.minecraft.cooked_chicken":7,"stat.pickup.minecraft.iron_ore":102,"stat.mineBlock.twilightforest.mangrove_planks":5,"stat.useItem.thermalfoundation.tool.sword_tin":59,"stat.mineBlock.minecraft.iron_bars":3,"stat.pickup.minecraft.gold_ore":18,"stat.pickup.minecraft.iron_axe":3,"stat.brewingstandInteraction":1,"stat.mineBlock.minecraft.stone_stairs":1,"stat.pickup.minecraft.leather":15,"stat.damageTaken":3005,"stat.pickup.twilightforest.firefly":2,"stat.mineBlock.minecraft.torch":2,"stat.mineBlock.minecraft.furnace":1,"stat.useItem.minecraft.wooden_pickaxe":57,"stat.pickup.minecraft.log2":2,"stat.pickup.twilightforest.canopy_planks":7,"stat.pickup.minecraft.reeds":33,"stat.entityKilledBy.ZombieVillager":1,"stat.pickup.minecraft.bed":1,"stat.entityKilledBy.Zombie":3,"stat.damageDealt":13530,"stat.sleepInBed":6,"stat.pickup.twilightforest.twilight_log":16,"stat.pickup.chococraft.gysahl_green":2,"stat.killEntity.Cow":7,"stat.mineBlock.twilightforest.root":8,"stat.pickup.twilightforest.liveroot":1,"stat.killEntity.Pig":4,"stat.walkOneCm":651185,"stat.useItem.minecraft.chest":2,"stat.pickup.minecraft.stick":73,"stat.pickup.thermalfoundation.tool.sword_tin":3,"stat.pickup.biomesoplenty.sapling_2":2,"stat.mineBlock.biomesoplenty.planks_0":1,"stat.craftItem.minecraft.wheat":108,"stat.pickup.minecraft.tnt":9,"stat.drop.minecraft.iron_chestplate":1,"stat.pickup.minecraft.stone":32,"stat.craftItem.minecraft.iron_chestplate":2,"stat.mineBlock.minecraft.wool":2,"stat.pickup.minecraft.baked_potato":10,"stat.killEntity.twilightforest.deer":4,"stat.pickup.minecraft.gold_ingot":4,"stat.mineBlock.thermalfoundation.ore_fluid":3,"stat.killEntity.Skeleton":3,"stat.pickup.biomesoplenty.log_3":30,"stat.mineBlock.minecraft.tnt":9,"stat.mineBlock.minecraft.cactus":6,"stat.entityKilledBy.twilightforest.skeleton_druid":1,"stat.mineBlock.minecraft.stonebrick":115,"stat.pickup.biomesoplenty.log_1":10,"stat.killEntity.Chicken":20,"stat.useItem.biomesoplenty.planks_0":1,"stat.killEntity.Spider":2,"stat.killEntity.twilightforest.bighorn_sheep":3,"stat.pickup.minecraft.bread":2,"stat.pickup.twilightforest.raw_venison":6,"stat.mobKills":138,"stat.pickup.mowziesmobs.barakoa_mask_bliss":2,"stat.pickup.minecraft.torch":35,"stat.drop.minecraft.stone_axe":1,"stat.killEntity.twilightforest.wild_boar":2,"stat.mineBlock.minecraft.hay_block":13,"stat.craftItem.thermalfoundation.tool.pickaxe_tin":1,"stat.mineBlock.minecraft.stone":255,"stat.useItem.minecraft.sandstone":31}