{"stat.leaveGame":17,"stat.useItem.minecraft.soul_sand":2,"stat.craftItem.minecraft.iron_axe":1,"stat.mineBlock.twilightforest.twilight_plant":3,"stat.useItem.minecraft.mutton":4,"stat.useItem.minecraft.planks":11,"stat.pickup.minecraft.porkchop":30,"stat.useItem.minecraft.water_bucket":9,"stat.pickup.minecraft.rotten_flesh":187,"stat.drop.minecraft.poisonous_potato":1,"stat.craftItem.minecraft.stone_axe":1,"stat.killEntity.Enderman":2,"stat.useItem.twilightforest.seeker_bow":11,"stat.mineBlock.twilightforest.twilight_log":1,"stat.craftItem.minecraft.stone_sword":1,"stat.craftItem.minecraft.iron_shovel":1,"stat.pickup.mowziesmobs.barakoa_mask_misery":18,"stat.pickup.minecraft.brown_mushroom":9,"stat.craftItem.spartanshields.shield_basic_wood":1,"stat.pickup.spartanshields.shield_basic_platinum":1,"stat.useItem.minecraft.iron_pickaxe":288,"stat.craftItem.minecraft.wooden_pickaxe":1,"stat.useItem.minecraft.iron_shovel":4,"stat.pickup.thermalexpansion.satchel":29,"stat.craftItem.minecraft.bed":1,"stat.furnaceInteraction":131,"stat.killEntity.ZombieVillager":1,"stat.craftItem.thermalfoundation.material":4,"stat.pickup.minecraft.beef":31,"stat.pickup.minecraft.furnace":129,"stat.useItem.minecraft.cooked_mutton":3,"stat.useItem.thermaldynamics.duct_0":5,"stat.pickup.biomesoplenty.flower_0":66,"stat.pickup.mowziesmobs.wrought_axe":8,"stat.pickup.minecraft.iron_chestplate":29,"stat.pickup.mowziesmobs.wrought_helmet":10,"stat.useItem.minecraft.flint_and_steel":3,"stat.pickup.mowziesmobs.barakoa_mask_rage":22,"stat.useItem.biomesoplenty.flower_0":8,"stat.useItem.minecraft.wheat_seeds":112,"stat.useItem.cfm.upgraded_gate_biomesoplenty_magic":4,"stat.useItem.minecraft.dye":2,"stat.useItem.twilightforest.triple_bow":2,"stat.deaths":43,"stat.pickup.minecraft.egg":31,"stat.playOneMinute":518736,"stat.useItem.cfm.fire_pit_on":2,"stat.craftItem.minecraft.iron_pickaxe":2,"stat.mineBlock.minecraft.tallgrass":51,"stat.useItem.cfm.park_bench_biomesoplenty_jacaranda":3,"stat.pickup.minecraft.cooked_mutton":3,"stat.chestOpened":2,"stat.useItem.minecraft.stone":9,"stat.pickup.minecraft.arrow":96,"stat.pickup.minecraft.iron_sword":22,"stat.mineBlock.minecraft.ice":1,"stat.drop.minecraft.flint":1,"stat.pickup.simplecorn.kernels":175,"stat.drop.minecraft.iron_pickaxe":1,"stat.craftItem.biomesoplenty.planks_0":4,"stat.pickup.minecraft.cooked_chicken":329,"stat.fallOneCm":78932,"stat.pickup.minecraft.carrot":125,"stat.drop.minecraft.stone_sword":1,"stat.crouchOneCm":26026,"stat.useItem.thermalfoundation.tool.sword_copper":2,"stat.craftItem.minecraft.iron_ingot":55,"stat.pickup.minecraft.red_mushroom":5,"stat.useItem.biomesoplenty.plant_1":9,"stat.craftingTableInteraction":36,"stat.craftItem.thermalexpansion.satchel":2,"stat.pickup.minecraft.feather":532,"stat.useItem.cfm.desk_diorite":1,"stat.useItem.minecraft.furnace":8,"stat.craftItem.minecraft.wooden_sword":1,"stat.mineBlock.biomesoplenty.plant_1":1,"stat.mineBlock.biomesoplenty.plant_0":66,"stat.pickup.minecraft.planks":604,"stat.pickup.biomesoplenty.plant_1":1,"stat.pickup.minecraft.iron_leggings":29,"stat.pickup.chisel.limestone2":1,"stat.pickup.minecraft.wheat_seeds":402,"stat.useItem.minecraft.stone_pickaxe":70,"stat.craftItem.minecraft.iron_leggings":3,"stat.useItem.minecraft.stone_sword":27,"stat.useItem.mowziesmobs.wrought_axe":164,"stat.mineBlock.minecraft.dirt":5,"stat.pickup.minecraft.poisonous_potato":1,"stat.useItem.cfm.grand_chair_bottom":1,"stat.useItem.twilightforest.ender_bow":3,"stat.pickup.mowziesmobs.ice_crystal":1,"stat.drop.minecraft.rotten_flesh":10,"stat.pickup.minecraft.crafting_table":38,"stat.useItem.minecraft.cobblestone":38,"stat.craftItem.minecraft.crafting_table":2,"stat.mineBlock.minecraft.double_plant":1,"stat.pickup.biomesoplenty.earth":18,"stat.pickup.twilightforest.ironwood_ingot":64,"stat.pickup.minecraft.log":13,"stat.pickup.minecraft.bedrock":28,"stat.pickup.minecraft.iron_pickaxe":31,"stat.pickup.minecraft.chicken":20,"stat.useItem.twilightforest.glass_sword":2,"stat.drop.biomesoplenty.earth":25,"stat.pickup.minecraft.apple":1,"stat.craftItem.minecraft.bucket":1,"stat.craftItem.minecraft.planks":52,"stat.useItem.minecraft.iron_sword":91,"stat.useItem.minecraft.barrier":15,"stat.drop.biomesoplenty.flower_0":8,"stat.mineBlock.minecraft.log":13,"stat.craftItem.minecraft.cooked_chicken":17,"stat.useItem.biomesoplenty.dirt":20,"stat.pickup.biomesoplenty.dirt":21,"stat.pickup.minecraft.red_flower":1,"stat.useItem.cfm.park_bench_oak":3,"stat.sneakTime":9836,"stat.pickup.minecraft.wool":73,"stat.drop.mowziesmobs.wrought_helmet":1,"stat.useItem.minecraft.wooden_axe":9,"stat.pickup.minecraft.yellow_flower":1,"stat.drop.minecraft.grass":1,"stat.useItem.twilightforest.twilight_log":1,"stat.pickup.minecraft.bone":156,"stat.useItem.twilightforest.uncrafting_table":1,"stat.useItem.minecraft.iron_axe":80,"stat.mineBlock.minecraft.cobblestone":7,"stat.pickup.minecraft.stone_pickaxe":1,"stat.pickup.minecraft.flint":1,"stat.useItem.minecraft.diamond_sword":4,"stat.useItem.thermaldynamics.cover":10,"stat.swimOneCm":17709,"stat.pickup.spartanshields.shield_basic_iron":29,"stat.pickup.minecraft.cooked_porkchop":206,"stat.craftItem.minecraft.gold_block":1,"stat.useItem.minecraft.obsidian":35,"stat.useItem.minecraft.dirt":30,"stat.useItem.chococraft.gysahl_green":10,"stat.useItem.minecraft.stone_slab2":270,"stat.pickup.minecraft.iron_boots":27,"stat.craftItem.minecraft.furnace":4,"stat.pickup.thermalfoundation.ore":104,"stat.useItem.minecraft.egg":27,"stat.craftItem.spartanshields.shield_basic_iron":1,"stat.craftItem.minecraft.iron_boots":2,"stat.craftItem.minecraft.stone_pickaxe":1,"stat.craftItem.minecraft.cooked_beef":26,"stat.pickup.minecraft.cobblestone":735,"stat.mineBlock.biomesoplenty.double_plant":1,"stat.mineBlock.chisel.limestone2":1,"stat.flyOneCm":1143033,"stat.drop.minecraft.wheat_seeds":2,"stat.useItem.minecraft.cooked_beef":22,"stat.pickup.thermalexpansion.morb":5,"stat.mineBlock.minecraft.iron_ore":61,"stat.useItem.twilightforest.ice_bow":2,"stat.timeSinceDeath":61312,"stat.pickup.chococraft.lovely_gysahl_green":1,"stat.drop.minecraft.spider_eye":1,"stat.pickup.minecraft.mutton":214,"stat.useItem.minecraft.potato":83,"stat.mineBlock.thermalfoundation.ore":104,"stat.drop.minecraft.flint_and_steel":1,"stat.drop.minecraft.dirt":3,"stat.useItem.minecraft.cooked_porkchop":5,"stat.pickup.minecraft.iron_shovel":29,"stat.mineBlock.minecraft.coal_ore":81,"stat.pickup.chococraft.chocobo_feather":3,"stat.killEntity.Creeper":5,"stat.talkedToVillager":124,"stat.pickup.minecraft.wooden_sword":1,"stat.pickup.minecraft.string":91,"stat.craftItem.minecraft.stone_slab2":0,"stat.drop.minecraft.obsidian":4,"stat.sprintOneCm":719888,"stat.craftItem.minecraft.stick":28,"stat.craftItem.minecraft.wooden_axe":1,"stat.useItem.minecraft.snowball":9,"stat.craftItem.chococraft.chocobo_saddle":1,"stat.killEntity.twilightforest.tower_golem":3,"stat.pickup.minecraft.grass":1,"stat.mineBlock.biomesoplenty.mushroom":1,"stat.pickup.mowziesmobs.barakoa_mask_fear":6,"stat.mineBlock.minecraft.crafting_table":13,"stat.useItem.minecraft.carrot":56,"stat.pickup.chococraft.gysahl_green_seeds":655,"stat.pickup.twilightforest.tower_wood":3,"stat.mineBlock.minecraft.planks":1,"stat.drop":47,"stat.useItem.minecraft.wooden_sword":35,"stat.killEntity.Sheep":9,"stat.killEntity.Zombie":11,"stat.pickup.minecraft.snowball":9,"stat.diveOneCm":12898,"stat.pickup.securitycraft.reinforced_grass":64,"stat.pickup.minecraft.wheat":82,"stat.useItem.cfm.park_bench_biomesoplenty_umbran":3,"stat.craftItem.minecraft.cooked_porkchop":11,"stat.useItem.minecraft.apple":1,"stat.pickup.minecraft.obsidian":4,"stat.useItem.minecraft.bedrock":2,"stat.jump":2994,"stat.pickup.minecraft.coal":2049,"stat.pickup.minecraft.iron_helmet":22,"stat.useItem.minecraft.stone_axe":4,"stat.drop.minecraft.wooden_sword":1,"stat.pickup.minecraft.gunpowder":3,"stat.pickup.minecraft.spider_eye":2,"stat.pickup.minecraft.dirt":92,"stat.craftItem.minecraft.iron_helmet":1,"stat.drop.minecraft.bed":2,"stat.useItem.minecraft.cooked_chicken":17,"stat.pickup.minecraft.iron_ore":62,"stat.pickup.minecraft.iron_axe":29,"stat.damageTaken":12588,"stat.pickup.minecraft.leather":243,"stat.mineBlock.minecraft.furnace":13,"stat.useItem.minecraft.wooden_pickaxe":5,"stat.pickup.minecraft.bed":19,"stat.pickup.minecraft.potato":192,"stat.damageDealt":21889,"stat.pickup.twilightforest.twilight_log":1,"stat.sleepInBed":17,"stat.pickup.chococraft.gysahl_green":23,"stat.killEntity.Cow":15,"stat.useItem.minecraft.crafting_table":1,"stat.useItem.cfm.desk_granite":4,"stat.killEntity.Pig":7,"stat.craftItem.minecraft.iron_sword":1,"stat.walkOneCm":603347,"stat.pickup.minecraft.stick":232,"stat.useItem.cfm.park_bench_biomesoplenty_cherry":3,"stat.drop.mowziesmobs.barakoa_mask_rage":1,"stat.pickup.minecraft.stone":303,"stat.craftItem.minecraft.iron_chestplate":1,"stat.useItem.securitycraft.reinforced_grass":1,"stat.pickup.minecraft.cooked_beef":595,"stat.killEntity.Stray":1,"stat.killEntity.Skeleton":8,"stat.pickup.biomesoplenty.log_0":1,"stat.killEntity.Chicken":18,"stat.killEntity.Spider":8,"stat.mobKills":132,"stat.pickup.mowziesmobs.barakoa_mask_bliss":13,"stat.pickup.minecraft.water_bucket":29,"stat.mineBlock.minecraft.leaves":7,"stat.drop.minecraft.stone_axe":1,"stat.mineBlock.minecraft.stone":88}