{"stat.leaveGame":7,"stat.craftItem.minecraft.iron_axe":1,"stat.pickup.minecraft.lapis_block":6,"stat.mineBlock.minecraft.sandstone":32,"stat.useItem.minecraft.mutton":8,"stat.mineBlock.minecraft.stained_glass":9,"stat.drop.minecraft.feather":1,"stat.useItem.thermalfoundation.ore":5,"stat.pickup.spartanshields.shield_basic_wood":4,"stat.pickup.minecraft.rotten_flesh":74,"stat.pickup.minecraft.sand":33,"stat.craftItem.minecraft.stone_axe":1,"stat.pickup.minecraft.leather_boots":1,"stat.pickup.mowziesmobs.barakoa_mask_misery":12,"stat.pickup.minecraft.chainmail_chestplate":1,"stat.mineBlock.minecraft.sand":32,"stat.killEntity.Villager":1,"stat.useItem.minecraft.iron_pickaxe":55,"stat.pickup.minecraft.stained_hardened_clay":108,"stat.craftItem.minecraft.wooden_pickaxe":1,"stat.pickup.spartanshields.shield_tower_wood":3,"stat.mineBlock.chisel.marble2":2,"stat.furnaceInteraction":2,"stat.killEntity.ZombieVillager":2,"stat.drop.minecraft.red_flower":1,"stat.pickup.minecraft.beef":3,"stat.useItem.minecraft.cooked_mutton":9,"stat.pickup.minecraft.furnace":6,"stat.pickup.minecraft.leather_helmet":2,"stat.mineBlock.minecraft.stained_hardened_clay":36,"stat.pickup.biomesoplenty.flower_0":8,"stat.pickup.minecraft.iron_chestplate":7,"stat.pickup.minecraft.skull":10,"stat.pickup.minecraft.potion":13,"stat.killEntity.Husk":3,"stat.drop.simplecorn.kernels":5,"stat.useItem.minecraft.beef":3,"stat.deaths":10,"stat.pickup.minecraft.egg":3,"stat.playOneMinute":110498,"stat.craftItem.minecraft.iron_pickaxe":1,"stat.pickup.minecraft.iron_bars":17,"stat.mineBlock.minecraft.tallgrass":68,"stat.craftItem.minecraft.cooked_mutton":3,"stat.pickup.minecraft.cooked_mutton":25,"stat.chestOpened":34,"stat.pickup.minecraft.iron_sword":4,"stat.pickup.minecraft.arrow":6,"stat.pickup.simplecorn.kernels":15,"stat.pickup.minecraft.cooked_chicken":9,"stat.fallOneCm":26406,"stat.pickup.minecraft.carrot":3,"stat.crouchOneCm":23936,"stat.craftingTableInteraction":8,"stat.pickup.minecraft.wooden_pickaxe":8,"stat.pickup.minecraft.feather":6,"stat.mineBlock.biomesoplenty.plant_1":11,"stat.mineBlock.biomesoplenty.plant_0":96,"stat.pickup.minecraft.planks":2,"stat.pickup.biomesoplenty.plant_1":22,"stat.pickup.minecraft.iron_leggings":8,"stat.pickup.minecraft.wheat_seeds":56,"stat.useItem.minecraft.stone_pickaxe":72,"stat.useItem.minecraft.wool":15,"stat.mineBlock.minecraft.dirt":12,"stat.drop.minecraft.stick":16,"stat.useItem.minecraft.torch":23,"stat.useItem.minecraft.bread":4,"stat.mineBlock.biomesoplenty.leaves_5":3,"stat.drop.minecraft.rotten_flesh":1,"stat.pickup.minecraft.crafting_table":1,"stat.useItem.minecraft.cobblestone":25,"stat.craftItem.minecraft.crafting_table":1,"stat.mineBlock.minecraft.double_plant":6,"stat.pickup.minecraft.log":126,"stat.pickup.minecraft.iron_pickaxe":4,"stat.pickup.minecraft.chicken":1,"stat.pickup.minecraft.chainmail_leggings":2,"stat.pickup.minecraft.sapling":115,"stat.pickup.minecraft.apple":8,"stat.craftItem.spartanshields.shield_tower_wood":1,"stat.pickup.thermalfoundation.tool.axe_tin":1,"stat.craftItem.minecraft.planks":28,"stat.useItem.minecraft.iron_sword":20,"stat.pickup.minecraft.book":63,"stat.mineBlock.minecraft.log":49,"stat.pickup.minecraft.red_flower":4,"stat.sneakTime":10745,"stat.pickup.minecraft.wool":41,"stat.pickup.minecraft.bone":6,"stat.useItem.minecraft.iron_axe":125,"stat.mineBlock.minecraft.cobblestone":14,"stat.pickup.minecraft.stone_pickaxe":6,"stat.useItem.minecraft.skull":1,"stat.swimOneCm":3906,"stat.climbOneCm":404,"stat.pickup.minecraft.enchanted_book":11,"stat.useItem.chococraft.gysahl_green":5,"stat.useItem.minecraft.dirt":3,"stat.useItem.minecraft.cookie":1,"stat.useItem.minecraft.stone_slab2":17,"stat.pickup.minecraft.bow":6,"stat.pickup.minecraft.iron_boots":6,"stat.pickup.thermalfoundation.ore":40,"stat.useItem.minecraft.egg":3,"stat.craftItem.minecraft.stone_pickaxe":1,"stat.pickup.minecraft.cobblestone":107,"stat.mineBlock.chisel.limestone2":3,"stat.flyOneCm":224116,"stat.pickup.minecraft.sandstone":45,"stat.useItem.minecraft.cooked_beef":3,"stat.pickup.minecraft.cactus":3,"stat.mineBlock.minecraft.iron_ore":8,"stat.timeSinceDeath":18519,"stat.pickup.chococraft.lovely_gysahl_green":5,"stat.pickup.minecraft.mutton":20,"stat.mineBlock.thermalfoundation.ore":1,"stat.pickup.minecraft.iron_shovel":4,"stat.pickup.minecraft.shield":5,"stat.talkedToVillager":3,"stat.pickup.minecraft.string":12,"stat.pickup.thermalfoundation.tool.pickaxe_tin":2,"stat.entityKilledBy.Skeleton":1,"stat.craftItem.minecraft.stone_slab2":0,"stat.sprintOneCm":235677,"stat.pickup.minecraft.paper":17,"stat.mineBlock.biomesoplenty.flower_0":3,"stat.craftItem.minecraft.stick":28,"stat.mineBlock.minecraft.crafting_table":1,"stat.mineBlock.minecraft.quartz_block":3,"stat.pickup.minecraft.leather_leggings":7,"stat.pickup.chococraft.gysahl_green_seeds":72,"stat.drop":15,"stat.killEntity.Sheep":6,"stat.killEntity.Zombie":26,"stat.diveOneCm":6318,"stat.useItem.minecraft.chicken":1,"stat.useItem.minecraft.apple":3,"stat.mineBlock.minecraft.deadbush":6,"stat.useItem.minecraft.rotten_flesh":3,"stat.jump":1327,"stat.useItem.minecraft.sand":17,"stat.pickup.minecraft.coal":24,"stat.pickup.minecraft.iron_helmet":3,"stat.pickup.minecraft.iron_ingot":5,"stat.useItem.minecraft.stone_axe":120,"stat.pickup.minecraft.spider_eye":8,"stat.pickup.minecraft.dirt":30,"stat.useItem.minecraft.cooked_chicken":4,"stat.pickup.minecraft.iron_ore":42,"stat.mineBlock.minecraft.iron_bars":6,"stat.useItem.thermalfoundation.tool.sword_tin":26,"stat.pickup.minecraft.iron_axe":6,"stat.damageTaken":4559,"stat.pickup.minecraft.leather":3,"stat.mineBlock.minecraft.red_flower":2,"stat.mineBlock.minecraft.furnace":2,"stat.mineBlock.minecraft.torch":1,"stat.useItem.minecraft.wooden_pickaxe":22,"stat.mineBlock.minecraft.sandstone_stairs":2,"stat.pickup.minecraft.reeds":231,"stat.drop.biomesoplenty.plant_1":1,"stat.entityKilledBy.Zombie":8,"stat.damageDealt":8897,"stat.sleepInBed":3,"stat.pickup.chococraft.gysahl_green":98,"stat.killEntity.Cow":2,"stat.craftItem.minecraft.iron_sword":1,"stat.walkOneCm":250524,"stat.playerKills":1,"stat.pickup.minecraft.stick":52,"stat.pickup.thermalfoundation.tool.sword_tin":4,"stat.mineBlock.minecraft.wool":3,"stat.pickup.minecraft.cooked_beef":9,"stat.useItem.minecraft.cactus":1,"stat.pickup.minecraft.gold_ingot":18,"stat.killEntity.Skeleton":4,"stat.mineBlock.minecraft.cactus":1,"stat.killEntity.Chicken":1,"stat.useItem.biomesoplenty.planks_0":3,"stat.killEntity.Spider":3,"stat.pickup.minecraft.bread":7,"stat.mobKills":48,"stat.mineBlock.minecraft.bookshelf":7,"stat.pickup.mowziesmobs.barakoa_mask_bliss":6,"stat.mineBlock.minecraft.leaves":65,"stat.pickup.minecraft.torch":77,"stat.mineBlock.minecraft.stone":21,"stat.useItem.minecraft.sandstone":22}