{"SURVIVAL":{"inventoryContents":{"22":{"==":"org.bukkit.inventory.ItemStack","type":"FLINT"},"23":{"==":"org.bukkit.inventory.ItemStack","type":"THERMALFOUNDATION_ORE","damage":3,"amount":4},"24":{"==":"org.bukkit.inventory.ItemStack","type":"STICK","amount":17},"25":{"==":"org.bukkit.inventory.ItemStack","type":"TWILIGHTFOREST_FIREFLY","amount":3},"26":{"==":"org.bukkit.inventory.ItemStack","type":"BLAZE_ROD","amount":2},"27":{"==":"org.bukkit.inventory.ItemStack","type":"THERMALFOUNDATION_ORE","damage":2,"amount":7},"28":{"==":"org.bukkit.inventory.ItemStack","type":"TWILIGHTFOREST_RAW_VENISON"},"29":{"==":"org.bukkit.inventory.ItemStack","type":"TWILIGHTFOREST_IRONWOOD_INGOT","amount":2},"30":{"==":"org.bukkit.inventory.ItemStack","type":"TWILIGHTFOREST_STEELEAF_INGOT","amount":8},"31":{"==":"org.bukkit.inventory.ItemStack","type":"TWILIGHTFOREST_CHARM_OF_KEEPING_1"},"10":{"==":"org.bukkit.inventory.ItemStack","type":"APPLE","amount":13},"32":{"==":"org.bukkit.inventory.ItemStack","type":"COBBLESTONE","amount":64},"11":{"==":"org.bukkit.inventory.ItemStack","type":"THERMALFOUNDATION_ORE","damage":1,"amount":25},"33":{"==":"org.bukkit.inventory.ItemStack","type":"FEATHER"},"12":{"==":"org.bukkit.inventory.ItemStack","type":"BAKED_POTATO","amount":10},"34":{"==":"org.bukkit.inventory.ItemStack","type":"TWILIGHTFOREST_TWILIGHT_LOG","amount":4},"13":{"==":"org.bukkit.inventory.ItemStack","type":"PAPER","amount":3},"35":{"==":"org.bukkit.inventory.ItemStack","type":"TWILIGHTFOREST_CANOPY_PLANKS","amount":7},"14":{"==":"org.bukkit.inventory.ItemStack","type":"DIRT","amount":9},"15":{"==":"org.bukkit.inventory.ItemStack","type":"TWILIGHTFOREST_HUGE_WATERLILY","amount":2},"16":{"==":"org.bukkit.inventory.ItemStack","type":"WOOL","damage":1},"17":{"==":"org.bukkit.inventory.ItemStack","type":"MUTTON","amount":5},"39":{"==":"org.bukkit.inventory.ItemStack","type":"INK_SACK","damage":8},"18":{"==":"org.bukkit.inventory.ItemStack","type":"WOOL","damage":12,"amount":3},"19":{"==":"org.bukkit.inventory.ItemStack","type":"COAL","amount":8},"0":{"==":"org.bukkit.inventory.ItemStack","type":"THERMALEXPANSION_SATCHEL","meta":{"==":"ItemMeta","meta-type":"UNSPECIFIC","internal":"H4sIAAAAAAAAAJ3Rv07DQAwGcCeoVcnCQtWKJ2DkPyhbBQszDxAdqZNYurOlO5eoY9+8QeF0QzOgrpZ\/+ix\/BUABl5\/8g6zi9wXMvqzowwJy2sJSO\/TO2EZ2vDVKwqV4zGD2Pgx0ncP8wzjTIlzAH3wc4coRY+1No6Xbhc6LuCoo9pFmiUKkT+fT5\/Pp3UivEyUvXBG3otHdTrj70d2cfsgZRU\/GRl0kfYj6JeqeLLWdNsNbg5be9NVQBAXhqOcT2a+jvko3BxXGicAskrf\/FLpIMIdfu6lrDIG+7bByBAMinREpAgAA"}},"1":{"==":"org.bukkit.inventory.ItemStack","type":"COBBLESTONE","amount":64},"2":{"==":"org.bukkit.inventory.ItemStack","type":"COBBLESTONE","amount":64},"3":{"==":"org.bukkit.inventory.ItemStack","type":"IRON_PICKAXE","damage":20},"4":{"==":"org.bukkit.inventory.ItemStack","type":"IRON_AXE","damage":1},"5":{"==":"org.bukkit.inventory.ItemStack","type":"IRON_AXE","damage":57},"6":{"==":"org.bukkit.inventory.ItemStack","type":"THERMALFOUNDATION_TOOLPICKAXE_SILVER","damage":72},"7":{"==":"org.bukkit.inventory.ItemStack","type":"IRON_FENCE","amount":8},"8":{"==":"org.bukkit.inventory.ItemStack","type":"GRILLED_PORK","amount":5},"9":{"==":"org.bukkit.inventory.ItemStack","type":"WORKBENCH"},"20":{"==":"org.bukkit.inventory.ItemStack","type":"LEATHER","amount":2},"21":{"==":"org.bukkit.inventory.ItemStack","type":"GRAVEL","amount":11}},"offHandItem":{"==":"org.bukkit.inventory.ItemStack","type":"AIR","damage":-1,"amount":0},"armorContents":{"3":{"==":"org.bukkit.inventory.ItemStack","type":"INK_SACK","damage":8}},"enderChestContents":{},"potions":[],"stats":{"ex":"1.1282636","ma":"300","fl":"17","el":"7","hp":"17.400005340576172","xp":"0.85714287","txp":"109","ft":"-20","sa":"0.0","fd":"0.0","ra":"300"}}}