{"SURVIVAL":{"inventoryContents":{"23":{"==":"org.bukkit.inventory.ItemStack","type":"APPLE","amount":12},"24":{"==":"org.bukkit.inventory.ItemStack","type":"PAPER","amount":4},"25":{"==":"org.bukkit.inventory.ItemStack","type":"BAKED_POTATO","amount":5},"27":{"==":"org.bukkit.inventory.ItemStack","type":"IRON_PICKAXE","damage":41},"31":{"==":"org.bukkit.inventory.ItemStack","type":"THERMALFOUNDATION_MATERIAL","damage":129,"amount":10},"10":{"==":"org.bukkit.inventory.ItemStack","type":"RABBIT"},"11":{"==":"org.bukkit.inventory.ItemStack","type":"INK_SACK","damage":8},"12":{"==":"org.bukkit.inventory.ItemStack","type":"TWILIGHTFOREST_FIREFLY","amount":2},"34":{"==":"org.bukkit.inventory.ItemStack","type":"MUSHROOM_SOUP"},"35":{"==":"org.bukkit.inventory.ItemStack","type":"GRILLED_PORK"},"14":{"==":"org.bukkit.inventory.ItemStack","type":"BRICK"},"36":{"==":"org.bukkit.inventory.ItemStack","type":"IRON_BOOTS"},"15":{"==":"org.bukkit.inventory.ItemStack","type":"IRON_FENCE","amount":8},"37":{"==":"org.bukkit.inventory.ItemStack","type":"IRON_LEGGINGS"},"16":{"==":"org.bukkit.inventory.ItemStack","type":"TWILIGHTFOREST_FIREFLY_JAR"},"38":{"==":"org.bukkit.inventory.ItemStack","type":"IRON_CHESTPLATE"},"17":{"==":"org.bukkit.inventory.ItemStack","type":"TWILIGHTFOREST_TWILIGHT_OAK_PLANKS","amount":28},"39":{"==":"org.bukkit.inventory.ItemStack","type":"GLOWSTONE_DUST"},"18":{"==":"org.bukkit.inventory.ItemStack","type":"DIRT","amount":2},"19":{"==":"org.bukkit.inventory.ItemStack","type":"IRON_INGOT","amount":16},"0":{"==":"org.bukkit.inventory.ItemStack","type":"THERMALEXPANSION_SATCHEL","meta":{"==":"ItemMeta","meta-type":"UNSPECIFIC","internal":"H4sIAAAAAAAAAONiYOBi4PTMK0vNK8kvquRiYA3OyS8x5mBgykxhEM\/NzEtNLkpMK7HKLS3OKMrPz40vLkktZ2Rgdc4vzSthZGJgc0nMTUxPZQAZA9ZqQr5WUzK0MjAycDkmJ6cWF2cm5aQyMgAAVa4n6dAAAAA="}},"1":{"==":"org.bukkit.inventory.ItemStack","type":"COBBLESTONE","amount":64},"2":{"==":"org.bukkit.inventory.ItemStack","type":"IRON_HELMET"},"3":{"==":"org.bukkit.inventory.ItemStack","type":"WORKBENCH"},"4":{"==":"org.bukkit.inventory.ItemStack","type":"IRON_AXE","damage":2},"5":{"==":"org.bukkit.inventory.ItemStack","type":"IRON_AXE","damage":67},"6":{"==":"org.bukkit.inventory.ItemStack","type":"THERMALFOUNDATION_TOOLPICKAXE_SILVER","damage":74},"7":{"==":"org.bukkit.inventory.ItemStack","type":"TWILIGHTFOREST_MAGIC_MAP"},"8":{"==":"org.bukkit.inventory.ItemStack","type":"COOKED_CHICKEN","amount":2},"9":{"==":"org.bukkit.inventory.ItemStack","type":"RABBIT_HIDE"},"20":{"==":"org.bukkit.inventory.ItemStack","type":"SMOOTH_BRICK","damage":1,"amount":2},"21":{"==":"org.bukkit.inventory.ItemStack","type":"COBBLESTONE","amount":40}},"offHandItem":{"==":"org.bukkit.inventory.ItemStack","type":"AIR","damage":-1,"amount":0},"armorContents":{"0":{"==":"org.bukkit.inventory.ItemStack","type":"IRON_BOOTS"},"1":{"==":"org.bukkit.inventory.ItemStack","type":"IRON_LEGGINGS"},"2":{"==":"org.bukkit.inventory.ItemStack","type":"IRON_CHESTPLATE"},"3":{"==":"org.bukkit.inventory.ItemStack","type":"GLOWSTONE_DUST"}},"enderChestContents":{},"potions":[],"stats":{"ex":"1.1987838","ma":"300","fl":"16","el":"7","hp":"20.0","xp":"0.85714287","txp":"109","ft":"-20","sa":"0.0","fd":"0.0","ra":"300"}}}